<?xml version="1.0" encoding="UTF-8"?>
<project-private xmlns="http://www.netbeans.org/ns/project-private/1">
    <editor-bookmarks xmlns="http://www.netbeans.org/ns/editor-bookmarks/2" lastBookmarkId="0"/>
    <open-files xmlns="http://www.netbeans.org/ns/projectui-open-files/2">
        <group>
            <file>file:/home/sergio/practica1/src/es/uam/eps/bmi/search/AbstractEngine.java</file>
            <file>file:/home/sergio/practica1/src/es/uam/eps/bmi/search/index/lucene/LuceneBuilder.java</file>
            <file>file:/home/sergio/practica1/src/es/uam/eps/bmi/search/index/lucene/LuceneIndex.java</file>
            <file>file:/home/sergio/practica1/src/es/uam/eps/bmi/search/ranking/impl/ModeloVectorialImpl.java</file>
            <file>file:/home/sergio/practica1/src/es/uam/eps/bmi/search/ranking/impl/ScoreDocImpl.java</file>
            <file>file:/home/sergio/practica1/src/es/uam/eps/bmi/search/index/Index.java</file>
            <file>file:/home/sergio/practica1/src/es/uam/eps/bmi/search/vsm/VSMEngine.java</file>
            <file>file:/home/sergio/practica1/src/es/uam/eps/bmi/search/test/TestEngine.java</file>
            <file>file:/home/sergio/practica1/src/es/uam/eps/bmi/search/test/TermStats.java</file>
        </group>
    </open-files>
</project-private>
